compound,coverage,aac_std,manual_moa_class,pubchem_link,chembl_link,google_link
CAY10618,544,0.18722673,,https://pubchem.ncbi.nlm.nih.gov/#query=CAY10618,https://www.ebi.ac.uk/chembl/g/#search_results/all/query=CAY10618,https://www.google.com/search?q=CAY10618%20mechanism%20of%20action
I-Bet151 (gsk1210151A),544,0.12502304,,https://pubchem.ncbi.nlm.nih.gov/#query=I-Bet151%20%28gsk1210151A%29,https://www.ebi.ac.uk/chembl/g/#search_results/all/query=I-Bet151%20%28gsk1210151A%29,https://www.google.com/search?q=I-Bet151%20%28gsk1210151A%29%20mechanism%20of%20action
N-Hexanoylsphingosine,544,0.04574808,,https://pubchem.ncbi.nlm.nih.gov/#query=N-Hexanoylsphingosine,https://www.ebi.ac.uk/chembl/g/#search_results/all/query=N-Hexanoylsphingosine,https://www.google.com/search?q=N-Hexanoylsphingosine%20mechanism%20of%20action
Ciclopirox,543,0.084393546,,https://pubchem.ncbi.nlm.nih.gov/#query=Ciclopirox,https://www.ebi.ac.uk/chembl/g/#search_results/all/query=Ciclopirox,https://www.google.com/search?q=Ciclopirox%20mechanism%20of%20action
Pha-793887,542,0.1303853,,https://pubchem.ncbi.nlm.nih.gov/#query=Pha-793887,https://www.ebi.ac.uk/chembl/g/#search_results/all/query=Pha-793887,https://www.google.com/search?q=Pha-793887%20mechanism%20of%20action
sirolimus:bortezomib (250:1 mol/mol),542,0.16007815,,https://pubchem.ncbi.nlm.nih.gov/#query=sirolimus%3Abortezomib%20%28250%3A1%20mol/mol%29,https://www.ebi.ac.uk/chembl/g/#search_results/all/query=sirolimus%3Abortezomib%20%28250%3A1%20mol/mol%29,https://www.google.com/search?q=sirolimus%3Abortezomib%20%28250%3A1%20mol/mol%29%20mechanism%20of%20action
BRD-K63431240,542,0.10156935,,https://pubchem.ncbi.nlm.nih.gov/#query=BRD-K63431240,https://www.ebi.ac.uk/chembl/g/#search_results/all/query=BRD-K63431240,https://www.google.com/search?q=BRD-K63431240%20mechanism%20of%20action
ceranib-2,541,0.108826764,,https://pubchem.ncbi.nlm.nih.gov/#query=ceranib-2,https://www.ebi.ac.uk/chembl/g/#search_results/all/query=ceranib-2,https://www.google.com/search?q=ceranib-2%20mechanism%20of%20action
NVP-BSK805,539,0.068945445,,https://pubchem.ncbi.nlm.nih.gov/#query=NVP-BSK805,https://www.ebi.ac.uk/chembl/g/#search_results/all/query=NVP-BSK805,https://www.google.com/search?q=NVP-BSK805%20mechanism%20of%20action
ML162,538,0.17241228,,https://pubchem.ncbi.nlm.nih.gov/#query=ML162,https://www.ebi.ac.uk/chembl/g/#search_results/all/query=ML162,https://www.google.com/search?q=ML162%20mechanism%20of%20action
BRD-K35604418,538,0.08206829,,https://pubchem.ncbi.nlm.nih.gov/#query=BRD-K35604418,https://www.ebi.ac.uk/chembl/g/#search_results/all/query=BRD-K35604418,https://www.google.com/search?q=BRD-K35604418%20mechanism%20of%20action
SR-II-138A,537,0.15896118,,https://pubchem.ncbi.nlm.nih.gov/#query=SR-II-138A,https://www.ebi.ac.uk/chembl/g/#search_results/all/query=SR-II-138A,https://www.google.com/search?q=SR-II-138A%20mechanism%20of%20action
CCT036477,537,0.04535226,,https://pubchem.ncbi.nlm.nih.gov/#query=CCT036477,https://www.ebi.ac.uk/chembl/g/#search_results/all/query=CCT036477,https://www.google.com/search?q=CCT036477%20mechanism%20of%20action
BRD-K41597374,537,0.04510296,,https://pubchem.ncbi.nlm.nih.gov/#query=BRD-K41597374,https://www.ebi.ac.uk/chembl/g/#search_results/all/query=BRD-K41597374,https://www.google.com/search?q=BRD-K41597374%20mechanism%20of%20action
TPCA-1,537,0.084205575,,https://pubchem.ncbi.nlm.nih.gov/#query=TPCA-1,https://www.ebi.ac.uk/chembl/g/#search_results/all/query=TPCA-1,https://www.google.com/search?q=TPCA-1%20mechanism%20of%20action
Phloretin,536,0.05966941,,https://pubchem.ncbi.nlm.nih.gov/#query=Phloretin,https://www.ebi.ac.uk/chembl/g/#search_results/all/query=Phloretin,https://www.google.com/search?q=Phloretin%20mechanism%20of%20action
BRD-K50799972,536,0.043354765,,https://pubchem.ncbi.nlm.nih.gov/#query=BRD-K50799972,https://www.ebi.ac.uk/chembl/g/#search_results/all/query=BRD-K50799972,https://www.google.com/search?q=BRD-K50799972%20mechanism%20of%20action
CHM-1,536,0.0927449,,https://pubchem.ncbi.nlm.nih.gov/#query=CHM-1,https://www.ebi.ac.uk/chembl/g/#search_results/all/query=CHM-1,https://www.google.com/search?q=CHM-1%20mechanism%20of%20action
Carboplatinum,535,0.04221347,,https://pubchem.ncbi.nlm.nih.gov/#query=Carboplatinum,https://www.ebi.ac.uk/chembl/g/#search_results/all/query=Carboplatinum,https://www.google.com/search?q=Carboplatinum%20mechanism%20of%20action
Molibresib,535,0.10933864,,https://pubchem.ncbi.nlm.nih.gov/#query=Molibresib,https://www.ebi.ac.uk/chembl/g/#search_results/all/query=Molibresib,https://www.google.com/search?q=Molibresib%20mechanism%20of%20action
selumetinib:BRD-A02303741 (4:1 mol/mol),535,0.15597223,,https://pubchem.ncbi.nlm.nih.gov/#query=selumetinib%3ABRD-A02303741%20%284%3A1%20mol/mol%29,https://www.ebi.ac.uk/chembl/g/#search_results/all/query=selumetinib%3ABRD-A02303741%20%284%3A1%20mol/mol%29,https://www.google.com/search?q=selumetinib%3ABRD-A02303741%20%284%3A1%20mol/mol%29%20mechanism%20of%20action
JQ1 compound,534,0.13994291,,https://pubchem.ncbi.nlm.nih.gov/#query=JQ1%20compound,https://www.ebi.ac.uk/chembl/g/#search_results/all/query=JQ1%20compound,https://www.google.com/search?q=JQ1%20compound%20mechanism%20of%20action
GMX-1778,533,0.14093891,,https://pubchem.ncbi.nlm.nih.gov/#query=GMX-1778,https://www.ebi.ac.uk/chembl/g/#search_results/all/query=GMX-1778,https://www.google.com/search?q=GMX-1778%20mechanism%20of%20action
"1,9-Pyrazoloanthrone",533,0.054263335,,https://pubchem.ncbi.nlm.nih.gov/#query=1%2C9-Pyrazoloanthrone,https://www.ebi.ac.uk/chembl/g/#search_results/all/query=1%2C9-Pyrazoloanthrone,https://www.google.com/search?q=1%2C9-Pyrazoloanthrone%20mechanism%20of%20action
selumetinib:UNC0638 (4:1 mol/mol),533,0.14909157,,https://pubchem.ncbi.nlm.nih.gov/#query=selumetinib%3AUNC0638%20%284%3A1%20mol/mol%29,https://www.ebi.ac.uk/chembl/g/#search_results/all/query=selumetinib%3AUNC0638%20%284%3A1%20mol/mol%29,https://www.google.com/search?q=selumetinib%3AUNC0638%20%284%3A1%20mol/mol%29%20mechanism%20of%20action
Telomerase Inhibitor IX,532,0.060520776,,https://pubchem.ncbi.nlm.nih.gov/#query=Telomerase%20Inhibitor%20IX,https://www.ebi.ac.uk/chembl/g/#search_results/all/query=Telomerase%20Inhibitor%20IX,https://www.google.com/search?q=Telomerase%20Inhibitor%20IX%20mechanism%20of%20action
BIBR-1532,531,0.058018472,,https://pubchem.ncbi.nlm.nih.gov/#query=BIBR-1532,https://www.ebi.ac.uk/chembl/g/#search_results/all/query=BIBR-1532,https://www.google.com/search?q=BIBR-1532%20mechanism%20of%20action
PF-543,529,0.049885552,,https://pubchem.ncbi.nlm.nih.gov/#query=PF-543,https://www.ebi.ac.uk/chembl/g/#search_results/all/query=PF-543,https://www.google.com/search?q=PF-543%20mechanism%20of%20action
BRD1812,529,0.06612243,,https://pubchem.ncbi.nlm.nih.gov/#query=BRD1812,https://www.ebi.ac.uk/chembl/g/#search_results/all/query=BRD1812,https://www.google.com/search?q=BRD1812%20mechanism%20of%20action
SCH-79797,529,0.091188975,,https://pubchem.ncbi.nlm.nih.gov/#query=SCH-79797,https://www.ebi.ac.uk/chembl/g/#search_results/all/query=SCH-79797,https://www.google.com/search?q=SCH-79797%20mechanism%20of%20action
decitabine:carboplatin (1:1 mol/mol),529,0.14017949,,https://pubchem.ncbi.nlm.nih.gov/#query=decitabine%3Acarboplatin%20%281%3A1%20mol/mol%29,https://www.ebi.ac.uk/chembl/g/#search_results/all/query=decitabine%3Acarboplatin%20%281%3A1%20mol/mol%29,https://www.google.com/search?q=decitabine%3Acarboplatin%20%281%3A1%20mol/mol%29%20mechanism%20of%20action
PX-12,528,0.07925596,,https://pubchem.ncbi.nlm.nih.gov/#query=PX-12,https://www.ebi.ac.uk/chembl/g/#search_results/all/query=PX-12,https://www.google.com/search?q=PX-12%20mechanism%20of%20action
Nutlin-3,528,0.08812596,,https://pubchem.ncbi.nlm.nih.gov/#query=Nutlin-3,https://www.ebi.ac.uk/chembl/g/#search_results/all/query=Nutlin-3,https://www.google.com/search?q=Nutlin-3%20mechanism%20of%20action
BRD1835,527,0.04684049,,https://pubchem.ncbi.nlm.nih.gov/#query=BRD1835,https://www.ebi.ac.uk/chembl/g/#search_results/all/query=BRD1835,https://www.google.com/search?q=BRD1835%20mechanism%20of%20action
Semagacestat,527,0.042984158,,https://pubchem.ncbi.nlm.nih.gov/#query=Semagacestat,https://www.ebi.ac.uk/chembl/g/#search_results/all/query=Semagacestat,https://www.google.com/search?q=Semagacestat%20mechanism%20of%20action
apicidin,526,0.12533045,,https://pubchem.ncbi.nlm.nih.gov/#query=apicidin,https://www.ebi.ac.uk/chembl/g/#search_results/all/query=apicidin,https://www.google.com/search?q=apicidin%20mechanism%20of%20action
Unii-40E3azg1MX,526,0.091479346,,https://pubchem.ncbi.nlm.nih.gov/#query=Unii-40E3azg1MX,https://www.ebi.ac.uk/chembl/g/#search_results/all/query=Unii-40E3azg1MX,https://www.google.com/search?q=Unii-40E3azg1MX%20mechanism%20of%20action
SNX-2112:bortezomib (250:1 mol/mol),525,0.13346136,,https://pubchem.ncbi.nlm.nih.gov/#query=SNX-2112%3Abortezomib%20%28250%3A1%20mol/mol%29,https://www.ebi.ac.uk/chembl/g/#search_results/all/query=SNX-2112%3Abortezomib%20%28250%3A1%20mol/mol%29,https://www.google.com/search?q=SNX-2112%3Abortezomib%20%28250%3A1%20mol/mol%29%20mechanism%20of%20action
NSC48300,525,0.06647165,,https://pubchem.ncbi.nlm.nih.gov/#query=NSC48300,https://www.ebi.ac.uk/chembl/g/#search_results/all/query=NSC48300,https://www.google.com/search?q=NSC48300%20mechanism%20of%20action
carboplatin:etoposide (40:17 mol/mol),525,0.112425074,,https://pubchem.ncbi.nlm.nih.gov/#query=carboplatin%3Aetoposide%20%2840%3A17%20mol/mol%29,https://www.ebi.ac.uk/chembl/g/#search_results/all/query=carboplatin%3Aetoposide%20%2840%3A17%20mol/mol%29,https://www.google.com/search?q=carboplatin%3Aetoposide%20%2840%3A17%20mol/mol%29%20mechanism%20of%20action
ML311,525,0.09087403,,https://pubchem.ncbi.nlm.nih.gov/#query=ML311,https://www.ebi.ac.uk/chembl/g/#search_results/all/query=ML311,https://www.google.com/search?q=ML311%20mechanism%20of%20action
DBeQ,524,0.05950951,,https://pubchem.ncbi.nlm.nih.gov/#query=DBeQ,https://www.ebi.ac.uk/chembl/g/#search_results/all/query=DBeQ,https://www.google.com/search?q=DBeQ%20mechanism%20of%20action
Cerulenin,524,0.066441804,,https://pubchem.ncbi.nlm.nih.gov/#query=Cerulenin,https://www.ebi.ac.uk/chembl/g/#search_results/all/query=Cerulenin,https://www.google.com/search?q=Cerulenin%20mechanism%20of%20action
Platinum,524,0.044629313,,https://pubchem.ncbi.nlm.nih.gov/#query=Platinum,https://www.ebi.ac.uk/chembl/g/#search_results/all/query=Platinum,https://www.google.com/search?q=Platinum%20mechanism%20of%20action
ML006,524,0.0574538,,https://pubchem.ncbi.nlm.nih.gov/#query=ML006,https://www.ebi.ac.uk/chembl/g/#search_results/all/query=ML006,https://www.google.com/search?q=ML006%20mechanism%20of%20action
BRD-K80183349,524,0.06433314,,https://pubchem.ncbi.nlm.nih.gov/#query=BRD-K80183349,https://www.ebi.ac.uk/chembl/g/#search_results/all/query=BRD-K80183349,https://www.google.com/search?q=BRD-K80183349%20mechanism%20of%20action
Erastin,524,0.13215171,,https://pubchem.ncbi.nlm.nih.gov/#query=Erastin,https://www.ebi.ac.uk/chembl/g/#search_results/all/query=Erastin,https://www.google.com/search?q=Erastin%20mechanism%20of%20action
LY-2183240,523,0.08353363,,https://pubchem.ncbi.nlm.nih.gov/#query=LY-2183240,https://www.ebi.ac.uk/chembl/g/#search_results/all/query=LY-2183240,https://www.google.com/search?q=LY-2183240%20mechanism%20of%20action
BMS-270394,523,0.045484617,,https://pubchem.ncbi.nlm.nih.gov/#query=BMS-270394,https://www.ebi.ac.uk/chembl/g/#search_results/all/query=BMS-270394,https://www.google.com/search?q=BMS-270394%20mechanism%20of%20action
BRD9647,523,0.04438839,,https://pubchem.ncbi.nlm.nih.gov/#query=BRD9647,https://www.ebi.ac.uk/chembl/g/#search_results/all/query=BRD9647,https://www.google.com/search?q=BRD9647%20mechanism%20of%20action
Mdivi-1,522,0.050500676,,https://pubchem.ncbi.nlm.nih.gov/#query=Mdivi-1,https://www.ebi.ac.uk/chembl/g/#search_results/all/query=Mdivi-1,https://www.google.com/search?q=Mdivi-1%20mechanism%20of%20action
selumetinib:GDC-0941 (4:1 mol/mol),522,0.14017525,,https://pubchem.ncbi.nlm.nih.gov/#query=selumetinib%3AGDC-0941%20%284%3A1%20mol/mol%29,https://www.ebi.ac.uk/chembl/g/#search_results/all/query=selumetinib%3AGDC-0941%20%284%3A1%20mol/mol%29,https://www.google.com/search?q=selumetinib%3AGDC-0941%20%284%3A1%20mol/mol%29%20mechanism%20of%20action
Compound 23 citrate,521,0.06685573,,https://pubchem.ncbi.nlm.nih.gov/#query=Compound%2023%20citrate,https://www.ebi.ac.uk/chembl/g/#search_results/all/query=Compound%2023%20citrate,https://www.google.com/search?q=Compound%2023%20citrate%20mechanism%20of%20action
BRD-K29313308,521,0.052352853,,https://pubchem.ncbi.nlm.nih.gov/#query=BRD-K29313308,https://www.ebi.ac.uk/chembl/g/#search_results/all/query=BRD-K29313308,https://www.google.com/search?q=BRD-K29313308%20mechanism%20of%20action
BRD-K24690302,521,0.053888876,,https://pubchem.ncbi.nlm.nih.gov/#query=BRD-K24690302,https://www.ebi.ac.uk/chembl/g/#search_results/all/query=BRD-K24690302,https://www.google.com/search?q=BRD-K24690302%20mechanism%20of%20action
ML239,521,0.07408415,,https://pubchem.ncbi.nlm.nih.gov/#query=ML239,https://www.ebi.ac.uk/chembl/g/#search_results/all/query=ML239,https://www.google.com/search?q=ML239%20mechanism%20of%20action
Triazolothiadiazine,520,0.1677799,,https://pubchem.ncbi.nlm.nih.gov/#query=Triazolothiadiazine,https://www.ebi.ac.uk/chembl/g/#search_results/all/query=Triazolothiadiazine,https://www.google.com/search?q=Triazolothiadiazine%20mechanism%20of%20action
Piperlongumine,519,0.07365712,,https://pubchem.ncbi.nlm.nih.gov/#query=Piperlongumine,https://www.ebi.ac.uk/chembl/g/#search_results/all/query=Piperlongumine,https://www.google.com/search?q=Piperlongumine%20mechanism%20of%20action
HLI 373,519,0.04811013,,https://pubchem.ncbi.nlm.nih.gov/#query=HLI%20373,https://www.ebi.ac.uk/chembl/g/#search_results/all/query=HLI%20373,https://www.google.com/search?q=HLI%20373%20mechanism%20of%20action
ML083,517,0.04037746,,https://pubchem.ncbi.nlm.nih.gov/#query=ML083,https://www.ebi.ac.uk/chembl/g/#search_results/all/query=ML083,https://www.google.com/search?q=ML083%20mechanism%20of%20action
Pluripotin,517,0.1349716,,https://pubchem.ncbi.nlm.nih.gov/#query=Pluripotin,https://www.ebi.ac.uk/chembl/g/#search_results/all/query=Pluripotin,https://www.google.com/search?q=Pluripotin%20mechanism%20of%20action
CR-1-31B,517,0.17156789,,https://pubchem.ncbi.nlm.nih.gov/#query=CR-1-31B,https://www.ebi.ac.uk/chembl/g/#search_results/all/query=CR-1-31B,https://www.google.com/search?q=CR-1-31B%20mechanism%20of%20action
serdemetan:SCH-529074 (1:1 mol/mol),516,0.06361835,,https://pubchem.ncbi.nlm.nih.gov/#query=serdemetan%3ASCH-529074%20%281%3A1%20mol/mol%29,https://www.ebi.ac.uk/chembl/g/#search_results/all/query=serdemetan%3ASCH-529074%20%281%3A1%20mol/mol%29,https://www.google.com/search?q=serdemetan%3ASCH-529074%20%281%3A1%20mol/mol%29%20mechanism%20of%20action
BRD-K85133207,514,0.05188514,,https://pubchem.ncbi.nlm.nih.gov/#query=BRD-K85133207,https://www.ebi.ac.uk/chembl/g/#search_results/all/query=BRD-K85133207,https://www.google.com/search?q=BRD-K85133207%20mechanism%20of%20action
JQ-1:carboplatin (1:1 mol/mol),514,0.12522061,,https://pubchem.ncbi.nlm.nih.gov/#query=JQ-1%3Acarboplatin%20%281%3A1%20mol/mol%29,https://www.ebi.ac.uk/chembl/g/#search_results/all/query=JQ-1%3Acarboplatin%20%281%3A1%20mol/mol%29,https://www.google.com/search?q=JQ-1%3Acarboplatin%20%281%3A1%20mol/mol%29%20mechanism%20of%20action
Rita,514,0.16051307,,https://pubchem.ncbi.nlm.nih.gov/#query=Rita,https://www.ebi.ac.uk/chembl/g/#search_results/all/query=Rita,https://www.google.com/search?q=Rita%20mechanism%20of%20action
nakiterpiosin,514,0.11388423,,https://pubchem.ncbi.nlm.nih.gov/#query=nakiterpiosin,https://www.ebi.ac.uk/chembl/g/#search_results/all/query=nakiterpiosin,https://www.google.com/search?q=nakiterpiosin%20mechanism%20of%20action
Sildenafil,514,0.04946064,,https://pubchem.ncbi.nlm.nih.gov/#query=Sildenafil,https://www.ebi.ac.uk/chembl/g/#search_results/all/query=Sildenafil,https://www.google.com/search?q=Sildenafil%20mechanism%20of%20action
BRD-K34222889,513,0.09613265,,https://pubchem.ncbi.nlm.nih.gov/#query=BRD-K34222889,https://www.ebi.ac.uk/chembl/g/#search_results/all/query=BRD-K34222889,https://www.google.com/search?q=BRD-K34222889%20mechanism%20of%20action
tretinoin:carboplatin (2:1 mol/mol),512,0.09764921,,https://pubchem.ncbi.nlm.nih.gov/#query=tretinoin%3Acarboplatin%20%282%3A1%20mol/mol%29,https://www.ebi.ac.uk/chembl/g/#search_results/all/query=tretinoin%3Acarboplatin%20%282%3A1%20mol/mol%29,https://www.google.com/search?q=tretinoin%3Acarboplatin%20%282%3A1%20mol/mol%29%20mechanism%20of%20action
N9-Isopropyl-olomoucine,511,0.05688014,,https://pubchem.ncbi.nlm.nih.gov/#query=N9-Isopropyl-olomoucine,https://www.ebi.ac.uk/chembl/g/#search_results/all/query=N9-Isopropyl-olomoucine,https://www.google.com/search?q=N9-Isopropyl-olomoucine%20mechanism%20of%20action
Bleomycin a2,510,0.13324234,,https://pubchem.ncbi.nlm.nih.gov/#query=Bleomycin%20a2,https://www.ebi.ac.uk/chembl/g/#search_results/all/query=Bleomycin%20a2,https://www.google.com/search?q=Bleomycin%20a2%20mechanism%20of%20action
PDMP,510,0.044784274,,https://pubchem.ncbi.nlm.nih.gov/#query=PDMP,https://www.ebi.ac.uk/chembl/g/#search_results/all/query=PDMP,https://www.google.com/search?q=PDMP%20mechanism%20of%20action
Fumonisin B(1),510,0.046300236,,https://pubchem.ncbi.nlm.nih.gov/#query=Fumonisin%20B%281%29,https://www.ebi.ac.uk/chembl/g/#search_results/all/query=Fumonisin%20B%281%29,https://www.google.com/search?q=Fumonisin%20B%281%29%20mechanism%20of%20action
BRD-K71935468,509,0.08298986,,https://pubchem.ncbi.nlm.nih.gov/#query=BRD-K71935468,https://www.ebi.ac.uk/chembl/g/#search_results/all/query=BRD-K71935468,https://www.google.com/search?q=BRD-K71935468%20mechanism%20of%20action
BMS-345541 free base,508,0.055060122,,https://pubchem.ncbi.nlm.nih.gov/#query=BMS-345541%20free%20base,https://www.ebi.ac.uk/chembl/g/#search_results/all/query=BMS-345541%20free%20base,https://www.google.com/search?q=BMS-345541%20free%20base%20mechanism%20of%20action
necrostatin-1,507,0.05795886,,https://pubchem.ncbi.nlm.nih.gov/#query=necrostatin-1,https://www.ebi.ac.uk/chembl/g/#search_results/all/query=necrostatin-1,https://www.google.com/search?q=necrostatin-1%20mechanism%20of%20action
NVP-231,507,0.08734851,,https://pubchem.ncbi.nlm.nih.gov/#query=NVP-231,https://www.ebi.ac.uk/chembl/g/#search_results/all/query=NVP-231,https://www.google.com/search?q=NVP-231%20mechanism%20of%20action
BRD-K03536150,507,0.07085963,,https://pubchem.ncbi.nlm.nih.gov/#query=BRD-K03536150,https://www.ebi.ac.uk/chembl/g/#search_results/all/query=BRD-K03536150,https://www.google.com/search?q=BRD-K03536150%20mechanism%20of%20action
RAD51 inhibitor B02,506,0.06964603,,https://pubchem.ncbi.nlm.nih.gov/#query=RAD51%20inhibitor%20B02,https://www.ebi.ac.uk/chembl/g/#search_results/all/query=RAD51%20inhibitor%20B02,https://www.google.com/search?q=RAD51%20inhibitor%20B02%20mechanism%20of%20action
Indisulam,506,0.10338459,,https://pubchem.ncbi.nlm.nih.gov/#query=Indisulam,https://www.ebi.ac.uk/chembl/g/#search_results/all/query=Indisulam,https://www.google.com/search?q=Indisulam%20mechanism%20of%20action
Triptolide,506,0.08562212,,https://pubchem.ncbi.nlm.nih.gov/#query=Triptolide,https://www.ebi.ac.uk/chembl/g/#search_results/all/query=Triptolide,https://www.google.com/search?q=Triptolide%20mechanism%20of%20action
BRD-K51490254,505,0.04127022,,https://pubchem.ncbi.nlm.nih.gov/#query=BRD-K51490254,https://www.ebi.ac.uk/chembl/g/#search_results/all/query=BRD-K51490254,https://www.google.com/search?q=BRD-K51490254%20mechanism%20of%20action
BRD-K66532283,505,0.07985423,,https://pubchem.ncbi.nlm.nih.gov/#query=BRD-K66532283,https://www.ebi.ac.uk/chembl/g/#search_results/all/query=BRD-K66532283,https://www.google.com/search?q=BRD-K66532283%20mechanism%20of%20action
ML320,505,0.071822576,,https://pubchem.ncbi.nlm.nih.gov/#query=ML320,https://www.ebi.ac.uk/chembl/g/#search_results/all/query=ML320,https://www.google.com/search?q=ML320%20mechanism%20of%20action
Cyclosporin A,503,0.07451296,,https://pubchem.ncbi.nlm.nih.gov/#query=Cyclosporin%20A,https://www.ebi.ac.uk/chembl/g/#search_results/all/query=Cyclosporin%20A,https://www.google.com/search?q=Cyclosporin%20A%20mechanism%20of%20action
crizotinib:PLX-4032 (2:1 mol/mol),503,0.089127764,,https://pubchem.ncbi.nlm.nih.gov/#query=crizotinib%3APLX-4032%20%282%3A1%20mol/mol%29,https://www.ebi.ac.uk/chembl/g/#search_results/all/query=crizotinib%3APLX-4032%20%282%3A1%20mol/mol%29,https://www.google.com/search?q=crizotinib%3APLX-4032%20%282%3A1%20mol/mol%29%20mechanism%20of%20action
Serdemetan,503,0.08354528,,https://pubchem.ncbi.nlm.nih.gov/#query=Serdemetan,https://www.ebi.ac.uk/chembl/g/#search_results/all/query=Serdemetan,https://www.google.com/search?q=Serdemetan%20mechanism%20of%20action
KHS101,502,0.06191161,,https://pubchem.ncbi.nlm.nih.gov/#query=KHS101,https://www.ebi.ac.uk/chembl/g/#search_results/all/query=KHS101,https://www.google.com/search?q=KHS101%20mechanism%20of%20action
BRD-K45681478,502,0.07874794,,https://pubchem.ncbi.nlm.nih.gov/#query=BRD-K45681478,https://www.ebi.ac.uk/chembl/g/#search_results/all/query=BRD-K45681478,https://www.google.com/search?q=BRD-K45681478%20mechanism%20of%20action
MK-0752,502,0.041854065,,https://pubchem.ncbi.nlm.nih.gov/#query=MK-0752,https://www.ebi.ac.uk/chembl/g/#search_results/all/query=MK-0752,https://www.google.com/search?q=MK-0752%20mechanism%20of%20action
Necrostatin-7,502,0.04839283,,https://pubchem.ncbi.nlm.nih.gov/#query=Necrostatin-7,https://www.ebi.ac.uk/chembl/g/#search_results/all/query=Necrostatin-7,https://www.google.com/search?q=Necrostatin-7%20mechanism%20of%20action
BMS-195614,502,0.04130034,,https://pubchem.ncbi.nlm.nih.gov/#query=BMS-195614,https://www.ebi.ac.uk/chembl/g/#search_results/all/query=BMS-195614,https://www.google.com/search?q=BMS-195614%20mechanism%20of%20action
Procarbazine,500,0.04180623,,https://pubchem.ncbi.nlm.nih.gov/#query=Procarbazine,https://www.ebi.ac.uk/chembl/g/#search_results/all/query=Procarbazine,https://www.google.com/search?q=Procarbazine%20mechanism%20of%20action
GANT-61,500,0.05782353,,https://pubchem.ncbi.nlm.nih.gov/#query=GANT-61,https://www.ebi.ac.uk/chembl/g/#search_results/all/query=GANT-61,https://www.google.com/search?q=GANT-61%20mechanism%20of%20action
BRD-K28456706,500,0.07053958,,https://pubchem.ncbi.nlm.nih.gov/#query=BRD-K28456706,https://www.ebi.ac.uk/chembl/g/#search_results/all/query=BRD-K28456706,https://www.google.com/search?q=BRD-K28456706%20mechanism%20of%20action
selumetinib:JQ-1 (4:1 mol/mol),500,0.16346516,,https://pubchem.ncbi.nlm.nih.gov/#query=selumetinib%3AJQ-1%20%284%3A1%20mol/mol%29,https://www.ebi.ac.uk/chembl/g/#search_results/all/query=selumetinib%3AJQ-1%20%284%3A1%20mol/mol%29,https://www.google.com/search?q=selumetinib%3AJQ-1%20%284%3A1%20mol/mol%29%20mechanism%20of%20action
CAY10594,499,0.042087812,,https://pubchem.ncbi.nlm.nih.gov/#query=CAY10594,https://www.ebi.ac.uk/chembl/g/#search_results/all/query=CAY10594,https://www.google.com/search?q=CAY10594%20mechanism%20of%20action
BRD-K66453893,499,0.08103604,,https://pubchem.ncbi.nlm.nih.gov/#query=BRD-K66453893,https://www.ebi.ac.uk/chembl/g/#search_results/all/query=BRD-K66453893,https://www.google.com/search?q=BRD-K66453893%20mechanism%20of%20action
ISOX:bortezomib (250:1 mol/mol),498,0.060578655,,https://pubchem.ncbi.nlm.nih.gov/#query=ISOX%3Abortezomib%20%28250%3A1%20mol/mol%29,https://www.ebi.ac.uk/chembl/g/#search_results/all/query=ISOX%3Abortezomib%20%28250%3A1%20mol/mol%29,https://www.google.com/search?q=ISOX%3Abortezomib%20%28250%3A1%20mol/mol%29%20mechanism%20of%20action
BRD-A71883111,498,0.0414731,,https://pubchem.ncbi.nlm.nih.gov/#query=BRD-A71883111,https://www.ebi.ac.uk/chembl/g/#search_results/all/query=BRD-A71883111,https://www.google.com/search?q=BRD-A71883111%20mechanism%20of%20action
Isoevodiamine,496,0.088554375,,https://pubchem.ncbi.nlm.nih.gov/#query=Isoevodiamine,https://www.ebi.ac.uk/chembl/g/#search_results/all/query=Isoevodiamine,https://www.google.com/search?q=Isoevodiamine%20mechanism%20of%20action
BRD-K97651142,495,0.16656478,,https://pubchem.ncbi.nlm.nih.gov/#query=BRD-K97651142,https://www.ebi.ac.uk/chembl/g/#search_results/all/query=BRD-K97651142,https://www.google.com/search?q=BRD-K97651142%20mechanism%20of%20action
MGCD-265 analog,495,0.09611603,,https://pubchem.ncbi.nlm.nih.gov/#query=MGCD-265%20analog,https://www.ebi.ac.uk/chembl/g/#search_results/all/query=MGCD-265%20analog,https://www.google.com/search?q=MGCD-265%20analog%20mechanism%20of%20action
carboplatin:UNC0638 (2:1 mol/mol),495,0.06359232,,https://pubchem.ncbi.nlm.nih.gov/#query=carboplatin%3AUNC0638%20%282%3A1%20mol/mol%29,https://www.ebi.ac.uk/chembl/g/#search_results/all/query=carboplatin%3AUNC0638%20%282%3A1%20mol/mol%29,https://www.google.com/search?q=carboplatin%3AUNC0638%20%282%3A1%20mol/mol%29%20mechanism%20of%20action
ML050,495,0.043711837,,https://pubchem.ncbi.nlm.nih.gov/#query=ML050,https://www.ebi.ac.uk/chembl/g/#search_results/all/query=ML050,https://www.google.com/search?q=ML050%20mechanism%20of%20action
CHEMBL1222381,494,0.08305233,,https://pubchem.ncbi.nlm.nih.gov/#query=CHEMBL1222381,https://www.ebi.ac.uk/chembl/g/#search_results/all/query=CHEMBL1222381,https://www.google.com/search?q=CHEMBL1222381%20mechanism%20of%20action
PL-DI,493,0.08385473,,https://pubchem.ncbi.nlm.nih.gov/#query=PL-DI,https://www.ebi.ac.uk/chembl/g/#search_results/all/query=PL-DI,https://www.google.com/search?q=PL-DI%20mechanism%20of%20action
Adavosertib,493,0.11173582,,https://pubchem.ncbi.nlm.nih.gov/#query=Adavosertib,https://www.ebi.ac.uk/chembl/g/#search_results/all/query=Adavosertib,https://www.google.com/search?q=Adavosertib%20mechanism%20of%20action
Tosedostat,492,0.08920655,,https://pubchem.ncbi.nlm.nih.gov/#query=Tosedostat,https://www.ebi.ac.uk/chembl/g/#search_results/all/query=Tosedostat,https://www.google.com/search?q=Tosedostat%20mechanism%20of%20action
Narciclasine,491,0.13935941,,https://pubchem.ncbi.nlm.nih.gov/#query=Narciclasine,https://www.ebi.ac.uk/chembl/g/#search_results/all/query=Narciclasine,https://www.google.com/search?q=Narciclasine%20mechanism%20of%20action
BRD4132,491,0.06926308,,https://pubchem.ncbi.nlm.nih.gov/#query=BRD4132,https://www.ebi.ac.uk/chembl/g/#search_results/all/query=BRD4132,https://www.google.com/search?q=BRD4132%20mechanism%20of%20action
BRD-K92856060,489,0.062059335,,https://pubchem.ncbi.nlm.nih.gov/#query=BRD-K92856060,https://www.ebi.ac.uk/chembl/g/#search_results/all/query=BRD-K92856060,https://www.google.com/search?q=BRD-K92856060%20mechanism%20of%20action
BRD-K33199242,489,0.041994393,,https://pubchem.ncbi.nlm.nih.gov/#query=BRD-K33199242,https://www.ebi.ac.uk/chembl/g/#search_results/all/query=BRD-K33199242,https://www.google.com/search?q=BRD-K33199242%20mechanism%20of%20action
BRD-K94991378,489,0.08746663,,https://pubchem.ncbi.nlm.nih.gov/#query=BRD-K94991378,https://www.ebi.ac.uk/chembl/g/#search_results/all/query=BRD-K94991378,https://www.google.com/search?q=BRD-K94991378%20mechanism%20of%20action
SRT-1720,489,0.054382555,,https://pubchem.ncbi.nlm.nih.gov/#query=SRT-1720,https://www.ebi.ac.uk/chembl/g/#search_results/all/query=SRT-1720,https://www.google.com/search?q=SRT-1720%20mechanism%20of%20action
selumetinib:decitabine (4:1 mol/mol),489,0.17931074,,https://pubchem.ncbi.nlm.nih.gov/#query=selumetinib%3Adecitabine%20%284%3A1%20mol/mol%29,https://www.ebi.ac.uk/chembl/g/#search_results/all/query=selumetinib%3Adecitabine%20%284%3A1%20mol/mol%29,https://www.google.com/search?q=selumetinib%3Adecitabine%20%284%3A1%20mol/mol%29%20mechanism%20of%20action
KU 0060648,489,0.09084653,,https://pubchem.ncbi.nlm.nih.gov/#query=KU%200060648,https://www.ebi.ac.uk/chembl/g/#search_results/all/query=KU%200060648,https://www.google.com/search?q=KU%200060648%20mechanism%20of%20action
16-beta-bromoandrosterone,489,0.052363116,,https://pubchem.ncbi.nlm.nih.gov/#query=16-beta-bromoandrosterone,https://www.ebi.ac.uk/chembl/g/#search_results/all/query=16-beta-bromoandrosterone,https://www.google.com/search?q=16-beta-bromoandrosterone%20mechanism%20of%20action
selumetinib:PLX-4032 (8:1 mol/mol),488,0.1552302,,https://pubchem.ncbi.nlm.nih.gov/#query=selumetinib%3APLX-4032%20%288%3A1%20mol/mol%29,https://www.ebi.ac.uk/chembl/g/#search_results/all/query=selumetinib%3APLX-4032%20%288%3A1%20mol/mol%29,https://www.google.com/search?q=selumetinib%3APLX-4032%20%288%3A1%20mol/mol%29%20mechanism%20of%20action
ISOX,487,0.08531128,,https://pubchem.ncbi.nlm.nih.gov/#query=ISOX,https://www.ebi.ac.uk/chembl/g/#search_results/all/query=ISOX,https://www.google.com/search?q=ISOX%20mechanism%20of%20action
N-Phthalyl-L-tryptophan,487,0.072223894,,https://pubchem.ncbi.nlm.nih.gov/#query=N-Phthalyl-L-tryptophan,https://www.ebi.ac.uk/chembl/g/#search_results/all/query=N-Phthalyl-L-tryptophan,https://www.google.com/search?q=N-Phthalyl-L-tryptophan%20mechanism%20of%20action
Clofarabine,487,0.20624968,,https://pubchem.ncbi.nlm.nih.gov/#query=Clofarabine,https://www.ebi.ac.uk/chembl/g/#search_results/all/query=Clofarabine,https://www.google.com/search?q=Clofarabine%20mechanism%20of%20action
Silmitasertib,487,0.09168043,,https://pubchem.ncbi.nlm.nih.gov/#query=Silmitasertib,https://www.ebi.ac.uk/chembl/g/#search_results/all/query=Silmitasertib,https://www.google.com/search?q=Silmitasertib%20mechanism%20of%20action
NSC23766,485,0.0821616,,https://pubchem.ncbi.nlm.nih.gov/#query=NSC23766,https://www.ebi.ac.uk/chembl/g/#search_results/all/query=NSC23766,https://www.google.com/search?q=NSC23766%20mechanism%20of%20action
BRD-A02303741,485,0.043093663,,https://pubchem.ncbi.nlm.nih.gov/#query=BRD-A02303741,https://www.ebi.ac.uk/chembl/g/#search_results/all/query=BRD-A02303741,https://www.google.com/search?q=BRD-A02303741%20mechanism%20of%20action
L-685458,484,0.045582183,,https://pubchem.ncbi.nlm.nih.gov/#query=L-685458,https://www.ebi.ac.uk/chembl/g/#search_results/all/query=L-685458,https://www.google.com/search?q=L-685458%20mechanism%20of%20action
Met Kinase Inhibitor,484,0.085973985,,https://pubchem.ncbi.nlm.nih.gov/#query=Met%20Kinase%20Inhibitor,https://www.ebi.ac.uk/chembl/g/#search_results/all/query=Met%20Kinase%20Inhibitor,https://www.google.com/search?q=Met%20Kinase%20Inhibitor%20mechanism%20of%20action
compound 1B,484,0.1085561,,https://pubchem.ncbi.nlm.nih.gov/#query=compound%201B,https://www.ebi.ac.uk/chembl/g/#search_results/all/query=compound%201B,https://www.google.com/search?q=compound%201B%20mechanism%20of%20action
selumetinib:piperlongumine (8:1 mol/mol),483,0.15121526,,https://pubchem.ncbi.nlm.nih.gov/#query=selumetinib%3Apiperlongumine%20%288%3A1%20mol/mol%29,https://www.ebi.ac.uk/chembl/g/#search_results/all/query=selumetinib%3Apiperlongumine%20%288%3A1%20mol/mol%29,https://www.google.com/search?q=selumetinib%3Apiperlongumine%20%288%3A1%20mol/mol%29%20mechanism%20of%20action
BRD-K61166597,482,0.12701426,,https://pubchem.ncbi.nlm.nih.gov/#query=BRD-K61166597,https://www.ebi.ac.uk/chembl/g/#search_results/all/query=BRD-K61166597,https://www.google.com/search?q=BRD-K61166597%20mechanism%20of%20action
Manumycin,482,0.08225334,,https://pubchem.ncbi.nlm.nih.gov/#query=Manumycin,https://www.ebi.ac.uk/chembl/g/#search_results/all/query=Manumycin,https://www.google.com/search?q=Manumycin%20mechanism%20of%20action
Hyperforin,481,0.076017566,,https://pubchem.ncbi.nlm.nih.gov/#query=Hyperforin,https://www.ebi.ac.uk/chembl/g/#search_results/all/query=Hyperforin,https://www.google.com/search?q=Hyperforin%20mechanism%20of%20action
SNS-032,481,0.14563738,,https://pubchem.ncbi.nlm.nih.gov/#query=SNS-032,https://www.ebi.ac.uk/chembl/g/#search_results/all/query=SNS-032,https://www.google.com/search?q=SNS-032%20mechanism%20of%20action
BRD8958,481,0.0424797,,https://pubchem.ncbi.nlm.nih.gov/#query=BRD8958,https://www.ebi.ac.uk/chembl/g/#search_results/all/query=BRD8958,https://www.google.com/search?q=BRD8958%20mechanism%20of%20action
BRD-K55116708,480,0.10749453,,https://pubchem.ncbi.nlm.nih.gov/#query=BRD-K55116708,https://www.ebi.ac.uk/chembl/g/#search_results/all/query=BRD-K55116708,https://www.google.com/search?q=BRD-K55116708%20mechanism%20of%20action
JQ-1:vorinostat (2:1 mol/mol),480,0.10508655,,https://pubchem.ncbi.nlm.nih.gov/#query=JQ-1%3Avorinostat%20%282%3A1%20mol/mol%29,https://www.ebi.ac.uk/chembl/g/#search_results/all/query=JQ-1%3Avorinostat%20%282%3A1%20mol/mol%29,https://www.google.com/search?q=JQ-1%3Avorinostat%20%282%3A1%20mol/mol%29%20mechanism%20of%20action
PF-184,480,0.07446503,,https://pubchem.ncbi.nlm.nih.gov/#query=PF-184,https://www.ebi.ac.uk/chembl/g/#search_results/all/query=PF-184,https://www.google.com/search?q=PF-184%20mechanism%20of%20action
Tacrolimus,479,0.057969555,,https://pubchem.ncbi.nlm.nih.gov/#query=Tacrolimus,https://www.ebi.ac.uk/chembl/g/#search_results/all/query=Tacrolimus,https://www.google.com/search?q=Tacrolimus%20mechanism%20of%20action
BRD-A02303741:carboplatin (1:1 mol/mol),479,0.044742286,,https://pubchem.ncbi.nlm.nih.gov/#query=BRD-A02303741%3Acarboplatin%20%281%3A1%20mol/mol%29,https://www.ebi.ac.uk/chembl/g/#search_results/all/query=BRD-A02303741%3Acarboplatin%20%281%3A1%20mol/mol%29,https://www.google.com/search?q=BRD-A02303741%3Acarboplatin%20%281%3A1%20mol/mol%29%20mechanism%20of%20action
tanespimycin:bortezomib (250:1 mol/mol),479,0.11892966,,https://pubchem.ncbi.nlm.nih.gov/#query=tanespimycin%3Abortezomib%20%28250%3A1%20mol/mol%29,https://www.ebi.ac.uk/chembl/g/#search_results/all/query=tanespimycin%3Abortezomib%20%28250%3A1%20mol/mol%29,https://www.google.com/search?q=tanespimycin%3Abortezomib%20%28250%3A1%20mol/mol%29%20mechanism%20of%20action
ML210,477,0.21050332,,https://pubchem.ncbi.nlm.nih.gov/#query=ML210,https://www.ebi.ac.uk/chembl/g/#search_results/all/query=ML210,https://www.google.com/search?q=ML210%20mechanism%20of%20action
BRD-K26531177,476,0.06294179,,https://pubchem.ncbi.nlm.nih.gov/#query=BRD-K26531177,https://www.ebi.ac.uk/chembl/g/#search_results/all/query=BRD-K26531177,https://www.google.com/search?q=BRD-K26531177%20mechanism%20of%20action
selumetinib:tretinoin (2:1 mol/mol),476,0.1786587,,https://pubchem.ncbi.nlm.nih.gov/#query=selumetinib%3Atretinoin%20%282%3A1%20mol/mol%29,https://www.ebi.ac.uk/chembl/g/#search_results/all/query=selumetinib%3Atretinoin%20%282%3A1%20mol/mol%29,https://www.google.com/search?q=selumetinib%3Atretinoin%20%282%3A1%20mol/mol%29%20mechanism%20of%20action
Pevonedistat,475,0.13662986,,https://pubchem.ncbi.nlm.nih.gov/#query=Pevonedistat,https://www.ebi.ac.uk/chembl/g/#search_results/all/query=Pevonedistat,https://www.google.com/search?q=Pevonedistat%20mechanism%20of%20action
selumetinib:MK-2206 (8:1 mol/mol),474,0.14163278,,https://pubchem.ncbi.nlm.nih.gov/#query=selumetinib%3AMK-2206%20%288%3A1%20mol/mol%29,https://www.ebi.ac.uk/chembl/g/#search_results/all/query=selumetinib%3AMK-2206%20%288%3A1%20mol/mol%29,https://www.google.com/search?q=selumetinib%3AMK-2206%20%288%3A1%20mol/mol%29%20mechanism%20of%20action
NSC95397,474,0.064115,,https://pubchem.ncbi.nlm.nih.gov/#query=NSC95397,https://www.ebi.ac.uk/chembl/g/#search_results/all/query=NSC95397,https://www.google.com/search?q=NSC95397%20mechanism%20of%20action
Elocalcitol,474,0.09152382,,https://pubchem.ncbi.nlm.nih.gov/#query=Elocalcitol,https://www.ebi.ac.uk/chembl/g/#search_results/all/query=Elocalcitol,https://www.google.com/search?q=Elocalcitol%20mechanism%20of%20action
Doramapimod,474,0.063149564,,https://pubchem.ncbi.nlm.nih.gov/#query=Doramapimod,https://www.ebi.ac.uk/chembl/g/#search_results/all/query=Doramapimod,https://www.google.com/search?q=Doramapimod%20mechanism%20of%20action
Itraconazole,472,0.051524684,,https://pubchem.ncbi.nlm.nih.gov/#query=Itraconazole,https://www.ebi.ac.uk/chembl/g/#search_results/all/query=Itraconazole,https://www.google.com/search?q=Itraconazole%20mechanism%20of%20action
ML031,472,0.068338595,,https://pubchem.ncbi.nlm.nih.gov/#query=ML031,https://www.ebi.ac.uk/chembl/g/#search_results/all/query=ML031,https://www.google.com/search?q=ML031%20mechanism%20of%20action
SCH-529074,468,0.04712284,,https://pubchem.ncbi.nlm.nih.gov/#query=SCH-529074,https://www.ebi.ac.uk/chembl/g/#search_results/all/query=SCH-529074,https://www.google.com/search?q=SCH-529074%20mechanism%20of%20action
YL54,467,0.040278625,,https://pubchem.ncbi.nlm.nih.gov/#query=YL54,https://www.ebi.ac.uk/chembl/g/#search_results/all/query=YL54,https://www.google.com/search?q=YL54%20mechanism%20of%20action
selumetinib:vorinostat (8:1 mol/mol),466,0.14027254,,https://pubchem.ncbi.nlm.nih.gov/#query=selumetinib%3Avorinostat%20%288%3A1%20mol/mol%29,https://www.ebi.ac.uk/chembl/g/#search_results/all/query=selumetinib%3Avorinostat%20%288%3A1%20mol/mol%29,https://www.google.com/search?q=selumetinib%3Avorinostat%20%288%3A1%20mol/mol%29%20mechanism%20of%20action
Azd4547,461,0.10597767,,https://pubchem.ncbi.nlm.nih.gov/#query=Azd4547,https://www.ebi.ac.uk/chembl/g/#search_results/all/query=Azd4547,https://www.google.com/search?q=Azd4547%20mechanism%20of%20action
BRD-K11533227,461,0.07407989,,https://pubchem.ncbi.nlm.nih.gov/#query=BRD-K11533227,https://www.ebi.ac.uk/chembl/g/#search_results/all/query=BRD-K11533227,https://www.google.com/search?q=BRD-K11533227%20mechanism%20of%20action
JQ-1:MK-0752 (1:1 mol/mol),460,0.12556146,,https://pubchem.ncbi.nlm.nih.gov/#query=JQ-1%3AMK-0752%20%281%3A1%20mol/mol%29,https://www.ebi.ac.uk/chembl/g/#search_results/all/query=JQ-1%3AMK-0752%20%281%3A1%20mol/mol%29,https://www.google.com/search?q=JQ-1%3AMK-0752%20%281%3A1%20mol/mol%29%20mechanism%20of%20action
STF-31,460,0.16550991,,https://pubchem.ncbi.nlm.nih.gov/#query=STF-31,https://www.ebi.ac.uk/chembl/g/#search_results/all/query=STF-31,https://www.google.com/search?q=STF-31%20mechanism%20of%20action
Compound 7d-cis,460,0.07035154,,https://pubchem.ncbi.nlm.nih.gov/#query=Compound%207d-cis,https://www.ebi.ac.uk/chembl/g/#search_results/all/query=Compound%207d-cis,https://www.google.com/search?q=Compound%207d-cis%20mechanism%20of%20action
salermide:PLX-4032 (12:1 mol/mol),459,0.06988367,,https://pubchem.ncbi.nlm.nih.gov/#query=salermide%3APLX-4032%20%2812%3A1%20mol/mol%29,https://www.ebi.ac.uk/chembl/g/#search_results/all/query=salermide%3APLX-4032%20%2812%3A1%20mol/mol%29,https://www.google.com/search?q=salermide%3APLX-4032%20%2812%3A1%20mol/mol%29%20mechanism%20of%20action
JQ-1:UNC0638 (2:1 mol/mol),458,0.13029619,,https://pubchem.ncbi.nlm.nih.gov/#query=JQ-1%3AUNC0638%20%282%3A1%20mol/mol%29,https://www.ebi.ac.uk/chembl/g/#search_results/all/query=JQ-1%3AUNC0638%20%282%3A1%20mol/mol%29,https://www.google.com/search?q=JQ-1%3AUNC0638%20%282%3A1%20mol/mol%29%20mechanism%20of%20action
Degrasyn,457,0.061944988,,https://pubchem.ncbi.nlm.nih.gov/#query=Degrasyn,https://www.ebi.ac.uk/chembl/g/#search_results/all/query=Degrasyn,https://www.google.com/search?q=Degrasyn%20mechanism%20of%20action
PF-750,456,0.07056126,,https://pubchem.ncbi.nlm.nih.gov/#query=PF-750,https://www.ebi.ac.uk/chembl/g/#search_results/all/query=PF-750,https://www.google.com/search?q=PF-750%20mechanism%20of%20action
NPC-26,456,0.060988214,,https://pubchem.ncbi.nlm.nih.gov/#query=NPC-26,https://www.ebi.ac.uk/chembl/g/#search_results/all/query=NPC-26,https://www.google.com/search?q=NPC-26%20mechanism%20of%20action
erlotinib:PLX-4032 (2:1 mol/mol),455,0.099195816,,https://pubchem.ncbi.nlm.nih.gov/#query=erlotinib%3APLX-4032%20%282%3A1%20mol/mol%29,https://www.ebi.ac.uk/chembl/g/#search_results/all/query=erlotinib%3APLX-4032%20%282%3A1%20mol/mol%29,https://www.google.com/search?q=erlotinib%3APLX-4032%20%282%3A1%20mol/mol%29%20mechanism%20of%20action
AGK-2,454,0.040372163,,https://pubchem.ncbi.nlm.nih.gov/#query=AGK-2,https://www.ebi.ac.uk/chembl/g/#search_results/all/query=AGK-2,https://www.google.com/search?q=AGK-2%20mechanism%20of%20action
BRD-K71781559,453,0.045305833,,https://pubchem.ncbi.nlm.nih.gov/#query=BRD-K71781559,https://www.ebi.ac.uk/chembl/g/#search_results/all/query=BRD-K71781559,https://www.google.com/search?q=BRD-K71781559%20mechanism%20of%20action
3-Cl-AHPC,453,0.12142616,,https://pubchem.ncbi.nlm.nih.gov/#query=3-Cl-AHPC,https://www.ebi.ac.uk/chembl/g/#search_results/all/query=3-Cl-AHPC,https://www.google.com/search?q=3-Cl-AHPC%20mechanism%20of%20action
Daporinad,452,0.20785354,,https://pubchem.ncbi.nlm.nih.gov/#query=Daporinad,https://www.ebi.ac.uk/chembl/g/#search_results/all/query=Daporinad,https://www.google.com/search?q=Daporinad%20mechanism%20of%20action
vorinostat:carboplatin (1:1 mol/mol),451,0.07653062,,https://pubchem.ncbi.nlm.nih.gov/#query=vorinostat%3Acarboplatin%20%281%3A1%20mol/mol%29,https://www.ebi.ac.uk/chembl/g/#search_results/all/query=vorinostat%3Acarboplatin%20%281%3A1%20mol/mol%29,https://www.google.com/search?q=vorinostat%3Acarboplatin%20%281%3A1%20mol/mol%29%20mechanism%20of%20action
CI-976,446,0.055627394,,https://pubchem.ncbi.nlm.nih.gov/#query=CI-976,https://www.ebi.ac.uk/chembl/g/#search_results/all/query=CI-976,https://www.google.com/search?q=CI-976%20mechanism%20of%20action
AA-COCF3,445,0.075276755,,https://pubchem.ncbi.nlm.nih.gov/#query=AA-COCF3,https://www.ebi.ac.uk/chembl/g/#search_results/all/query=AA-COCF3,https://www.google.com/search?q=AA-COCF3%20mechanism%20of%20action
SID 26681509,440,0.065140046,,https://pubchem.ncbi.nlm.nih.gov/#query=SID%2026681509,https://www.ebi.ac.uk/chembl/g/#search_results/all/query=SID%2026681509,https://www.google.com/search?q=SID%2026681509%20mechanism%20of%20action
Austocystin D,435,0.19949129,,https://pubchem.ncbi.nlm.nih.gov/#query=Austocystin%20D,https://www.ebi.ac.uk/chembl/g/#search_results/all/query=Austocystin%20D,https://www.google.com/search?q=Austocystin%20D%20mechanism%20of%20action
BRD-K02251932,435,0.05705324,,https://pubchem.ncbi.nlm.nih.gov/#query=BRD-K02251932,https://www.ebi.ac.uk/chembl/g/#search_results/all/query=BRD-K02251932,https://www.google.com/search?q=BRD-K02251932%20mechanism%20of%20action
Repligen 136,432,0.05765396,,https://pubchem.ncbi.nlm.nih.gov/#query=Repligen%20136,https://www.ebi.ac.uk/chembl/g/#search_results/all/query=Repligen%20136,https://www.google.com/search?q=Repligen%20136%20mechanism%20of%20action
piperlongumine:MST-312 (1:1 mol/mol),428,0.0626076,,https://pubchem.ncbi.nlm.nih.gov/#query=piperlongumine%3AMST-312%20%281%3A1%20mol/mol%29,https://www.ebi.ac.uk/chembl/g/#search_results/all/query=piperlongumine%3AMST-312%20%281%3A1%20mol/mol%29,https://www.google.com/search?q=piperlongumine%3AMST-312%20%281%3A1%20mol/mol%29%20mechanism%20of%20action
Methotrexate,427,0.22099438,,https://pubchem.ncbi.nlm.nih.gov/#query=Methotrexate,https://www.ebi.ac.uk/chembl/g/#search_results/all/query=Methotrexate,https://www.google.com/search?q=Methotrexate%20mechanism%20of%20action
KIN001-135,422,0.053939305,,https://pubchem.ncbi.nlm.nih.gov/#query=KIN001-135,https://www.ebi.ac.uk/chembl/g/#search_results/all/query=KIN001-135,https://www.google.com/search?q=KIN001-135%20mechanism%20of%20action
SMER-3,406,0.14381352,,https://pubchem.ncbi.nlm.nih.gov/#query=SMER-3,https://www.ebi.ac.uk/chembl/g/#search_results/all/query=SMER-3,https://www.google.com/search?q=SMER-3%20mechanism%20of%20action
WZ8040,399,0.080577865,,https://pubchem.ncbi.nlm.nih.gov/#query=WZ8040,https://www.ebi.ac.uk/chembl/g/#search_results/all/query=WZ8040,https://www.google.com/search?q=WZ8040%20mechanism%20of%20action
Incyclinide,389,0.08262579,,https://pubchem.ncbi.nlm.nih.gov/#query=Incyclinide,https://www.ebi.ac.uk/chembl/g/#search_results/all/query=Incyclinide,https://www.google.com/search?q=Incyclinide%20mechanism%20of%20action
WZ4002,384,0.07532748,,https://pubchem.ncbi.nlm.nih.gov/#query=WZ4002,https://www.ebi.ac.uk/chembl/g/#search_results/all/query=WZ4002,https://www.google.com/search?q=WZ4002%20mechanism%20of%20action
Omacetaxine mepesuccinate,384,0.15424274,,https://pubchem.ncbi.nlm.nih.gov/#query=Omacetaxine%20mepesuccinate,https://www.ebi.ac.uk/chembl/g/#search_results/all/query=Omacetaxine%20mepesuccinate,https://www.google.com/search?q=Omacetaxine%20mepesuccinate%20mechanism%20of%20action
PD 153035,380,0.0826031,,https://pubchem.ncbi.nlm.nih.gov/#query=PD%20153035,https://www.ebi.ac.uk/chembl/g/#search_results/all/query=PD%20153035,https://www.google.com/search?q=PD%20153035%20mechanism%20of%20action
Osi-930,379,0.07266753,,https://pubchem.ncbi.nlm.nih.gov/#query=Osi-930,https://www.ebi.ac.uk/chembl/g/#search_results/all/query=Osi-930,https://www.google.com/search?q=Osi-930%20mechanism%20of%20action
Methylstat,376,0.07114937,,https://pubchem.ncbi.nlm.nih.gov/#query=Methylstat,https://www.ebi.ac.uk/chembl/g/#search_results/all/query=Methylstat,https://www.google.com/search?q=Methylstat%20mechanism%20of%20action
Avrainvillamide,357,0.061208155,,https://pubchem.ncbi.nlm.nih.gov/#query=Avrainvillamide,https://www.ebi.ac.uk/chembl/g/#search_results/all/query=Avrainvillamide,https://www.google.com/search?q=Avrainvillamide%20mechanism%20of%20action
JW-74,353,0.05510625,,https://pubchem.ncbi.nlm.nih.gov/#query=JW-74,https://www.ebi.ac.uk/chembl/g/#search_results/all/query=JW-74,https://www.google.com/search?q=JW-74%20mechanism%20of%20action
Palmostatin B,353,0.04518664,,https://pubchem.ncbi.nlm.nih.gov/#query=Palmostatin%20B,https://www.ebi.ac.uk/chembl/g/#search_results/all/query=Palmostatin%20B,https://www.google.com/search?q=Palmostatin%20B%20mechanism%20of%20action
salermide,352,0.093837984,,https://pubchem.ncbi.nlm.nih.gov/#query=salermide,https://www.ebi.ac.uk/chembl/g/#search_results/all/query=salermide,https://www.google.com/search?q=salermide%20mechanism%20of%20action
NSC19630,349,0.0675896,,https://pubchem.ncbi.nlm.nih.gov/#query=NSC19630,https://www.ebi.ac.uk/chembl/g/#search_results/all/query=NSC19630,https://www.google.com/search?q=NSC19630%20mechanism%20of%20action
HBX-41108,348,0.083620995,,https://pubchem.ncbi.nlm.nih.gov/#query=HBX-41108,https://www.ebi.ac.uk/chembl/g/#search_results/all/query=HBX-41108,https://www.google.com/search?q=HBX-41108%20mechanism%20of%20action
Sotrastaurin,347,0.06394889,,https://pubchem.ncbi.nlm.nih.gov/#query=Sotrastaurin,https://www.ebi.ac.uk/chembl/g/#search_results/all/query=Sotrastaurin,https://www.google.com/search?q=Sotrastaurin%20mechanism%20of%20action
BRD-K55473186,341,0.05043942,,https://pubchem.ncbi.nlm.nih.gov/#query=BRD-K55473186,https://www.ebi.ac.uk/chembl/g/#search_results/all/query=BRD-K55473186,https://www.google.com/search?q=BRD-K55473186%20mechanism%20of%20action
Necrosulfonamide,326,0.088354714,,https://pubchem.ncbi.nlm.nih.gov/#query=Necrosulfonamide,https://www.ebi.ac.uk/chembl/g/#search_results/all/query=Necrosulfonamide,https://www.google.com/search?q=Necrosulfonamide%20mechanism%20of%20action
Bardoxolone methyl,320,0.07625806,,https://pubchem.ncbi.nlm.nih.gov/#query=Bardoxolone%20methyl,https://www.ebi.ac.uk/chembl/g/#search_results/all/query=Bardoxolone%20methyl,https://www.google.com/search?q=Bardoxolone%20methyl%20mechanism%20of%20action
BRD-M00053801,318,0.08181833,,https://pubchem.ncbi.nlm.nih.gov/#query=BRD-M00053801,https://www.ebi.ac.uk/chembl/g/#search_results/all/query=BRD-M00053801,https://www.google.com/search?q=BRD-M00053801%20mechanism%20of%20action
BRD-A94377914,279,0.0773619,,https://pubchem.ncbi.nlm.nih.gov/#query=BRD-A94377914,https://www.ebi.ac.uk/chembl/g/#search_results/all/query=BRD-A94377914,https://www.google.com/search?q=BRD-A94377914%20mechanism%20of%20action
CIL70,278,0.068901464,,https://pubchem.ncbi.nlm.nih.gov/#query=CIL70,https://www.ebi.ac.uk/chembl/g/#search_results/all/query=CIL70,https://www.google.com/search?q=CIL70%20mechanism%20of%20action
CIL41,278,0.05454692,,https://pubchem.ncbi.nlm.nih.gov/#query=CIL41,https://www.ebi.ac.uk/chembl/g/#search_results/all/query=CIL41,https://www.google.com/search?q=CIL41%20mechanism%20of%20action
cyanoquinoline 11,277,0.056152236,,https://pubchem.ncbi.nlm.nih.gov/#query=cyanoquinoline%2011,https://www.ebi.ac.uk/chembl/g/#search_results/all/query=cyanoquinoline%2011,https://www.google.com/search?q=cyanoquinoline%2011%20mechanism%20of%20action
CIL55A,276,0.06680514,,https://pubchem.ncbi.nlm.nih.gov/#query=CIL55A,https://www.ebi.ac.uk/chembl/g/#search_results/all/query=CIL55A,https://www.google.com/search?q=CIL55A%20mechanism%20of%20action
BRD-K99006945,268,0.121669464,,https://pubchem.ncbi.nlm.nih.gov/#query=BRD-K99006945,https://www.ebi.ac.uk/chembl/g/#search_results/all/query=BRD-K99006945,https://www.google.com/search?q=BRD-K99006945%20mechanism%20of%20action
Skepinone-L,268,0.07236759,,https://pubchem.ncbi.nlm.nih.gov/#query=Skepinone-L,https://www.ebi.ac.uk/chembl/g/#search_results/all/query=Skepinone-L,https://www.google.com/search?q=Skepinone-L%20mechanism%20of%20action
BRD-K27188169,266,0.04164217,,https://pubchem.ncbi.nlm.nih.gov/#query=BRD-K27188169,https://www.ebi.ac.uk/chembl/g/#search_results/all/query=BRD-K27188169,https://www.google.com/search?q=BRD-K27188169%20mechanism%20of%20action
Alvocidib,263,0.13232127,,https://pubchem.ncbi.nlm.nih.gov/#query=Alvocidib,https://www.ebi.ac.uk/chembl/g/#search_results/all/query=Alvocidib,https://www.google.com/search?q=Alvocidib%20mechanism%20of%20action
BRD-K79669418,261,0.04873654,,https://pubchem.ncbi.nlm.nih.gov/#query=BRD-K79669418,https://www.ebi.ac.uk/chembl/g/#search_results/all/query=BRD-K79669418,https://www.google.com/search?q=BRD-K79669418%20mechanism%20of%20action
BRD-K42260513,260,0.055247363,,https://pubchem.ncbi.nlm.nih.gov/#query=BRD-K42260513,https://www.ebi.ac.uk/chembl/g/#search_results/all/query=BRD-K42260513,https://www.google.com/search?q=BRD-K42260513%20mechanism%20of%20action
ELCPK,260,0.07519807,,https://pubchem.ncbi.nlm.nih.gov/#query=ELCPK,https://www.ebi.ac.uk/chembl/g/#search_results/all/query=ELCPK,https://www.google.com/search?q=ELCPK%20mechanism%20of%20action
BRD-A86708339,259,0.1259242,,https://pubchem.ncbi.nlm.nih.gov/#query=BRD-A86708339,https://www.ebi.ac.uk/chembl/g/#search_results/all/query=BRD-A86708339,https://www.google.com/search?q=BRD-A86708339%20mechanism%20of%20action
RO4929097,258,0.049390376,,https://pubchem.ncbi.nlm.nih.gov/#query=RO4929097,https://www.ebi.ac.uk/chembl/g/#search_results/all/query=RO4929097,https://www.google.com/search?q=RO4929097%20mechanism%20of%20action
Onalespib,257,0.15820825,,https://pubchem.ncbi.nlm.nih.gov/#query=Onalespib,https://www.ebi.ac.uk/chembl/g/#search_results/all/query=Onalespib,https://www.google.com/search?q=Onalespib%20mechanism%20of%20action
CIL56,255,0.09569605,,https://pubchem.ncbi.nlm.nih.gov/#query=CIL56,https://www.ebi.ac.uk/chembl/g/#search_results/all/query=CIL56,https://www.google.com/search?q=CIL56%20mechanism%20of%20action
MI-2,254,0.06464209,,https://pubchem.ncbi.nlm.nih.gov/#query=MI-2,https://www.ebi.ac.uk/chembl/g/#search_results/all/query=MI-2,https://www.google.com/search?q=MI-2%20mechanism%20of%20action
Azd-1480,251,0.074665494,,https://pubchem.ncbi.nlm.nih.gov/#query=Azd-1480,https://www.ebi.ac.uk/chembl/g/#search_results/all/query=Azd-1480,https://www.google.com/search?q=Azd-1480%20mechanism%20of%20action
